"Durable processes","Exécutions Durable"
"Process history","Historique des exécutions"
"Execution %1","Exécution %1"
"History","Historique"
"Running","En cours"
"Completed","Terminée"
"Failed","En échec"
"Cancelled","Annulée"
"Continued as new","Poursuivie à neuf"
"Back to process history","Retour à l’historique des exécutions"
"No execution named %1 is known to the backend. It may have been trimmed by the cluster's retention, or the identifier may be wrong.","Aucune exécution nommée %1 sur ce backend. La rétention du cluster l’a peut-être effacée, ou l’identifiant est erroné."
"Execution","Exécution"
"Backend run","Exécution côté backend"
"Outcome","Issue"
"Started","Démarrée"
"Ended","Achevée"
"Waiting on","En attente de"
"Nexus operations","Opérations Nexus"
"Endpoint","Endpoint"
"Service","Service"
"Operation","Opération"
"State","État"
"in flight","en cours"
"completed","terminée"
"failed","en échec"
"timed out","expirée"
"cancelled","annulée"
"Hatched: waiting to be picked up — the work had been asked for, but nobody had started it yet.","Hachuré : en attente d’être pris en charge. Le travail avait été demandé, mais personne ne l’avait encore commencé."
"Red: what failed. A cancellation is not painted red — it is an outcome, not a breakdown.","Rouge : ce qui a échoué. Une annulation n’est pas peinte en rouge : c’est une issue, pas une panne."
"Journal","Journal"
"This execution has no recorded event yet.","Cette exécution n’a encore aucun événement enregistré."
"#","#"
"Recorded","Enregistré"
"Kind","Type"
"Phase","Phase"
"Action","Action"
"What happened","Ce qui s’est passé"
"requested","demandé"
"started","pris en charge"
"settled","réglé"
"%1 · checked at %2","%1 · vérifié à %2"
"No Temporal DSN is configured, so the journal lives in the process that writes it — and this admin request opened a fresh one. An empty list here is the correct answer, not a failure. Set durable/temporal/dsn in app/etc/env.php to read the cluster.","Aucun DSN Temporal n’est configuré : le journal vit dans le processus qui l’écrit, et cette requête d’administration en a ouvert un nouveau. Une liste vide est ici la bonne réponse, pas une panne. Renseignez durable/temporal/dsn dans app/etc/env.php pour lire le cluster."
"%1 answers · checked at %2","%1 répond · vérifié à %2"
"%1 on %2 (%3)","%1 sur %2 (%3)"
"Could not ask the cluster who polls %1 (%2 worker): %3","Impossible de demander au cluster qui interroge %1 (worker %2) : %3"
"No %1 worker has polled %2 in %3 seconds: executions stop at their first %1 task. Start bin/magento durable:worker --role=%1.","Aucun worker %1 n’a interrogé %2 depuis %3 secondes : les exécutions s’arrêtent à leur première tâche %1. Démarrez bin/magento durable:worker --role=%1."
"Workers polling: %1","Workers à l’écoute : %1"
"Outcomes across the %1 most recent runs this screen reads","Issues des %1 exécutions les plus récentes que lit cet écran"
"Total","Total"
"This screen reads the %1 most recent runs. Older ones are beyond what it can list or open.","Cet écran lit les %1 exécutions les plus récentes. Les plus anciennes ne peuvent y être ni listées ni ouvertes."
"Workflow","Workflow"
